Date,Open,High,Low,Close,Adj Close,Volume,Company
28/10/2016,28.467501,28.8025,28.362499,28.43,26.834291,151446800,AAPL
31/10/2016,28.4125,28.557501,28.299999,28.385,26.791819,105677600,AAPL
01/11/2016,28.365,28.442499,27.6325,27.872499,26.308084,175303200,AAPL
02/11/2016,27.85,28.0875,27.807501,27.897499,26.33168,113326800,AAPL
03/11/2016,27.745001,27.865,27.387501,27.4575,26.049444,107730400,AAPL
04/11/2016,27.1325,27.5625,27.0275,27.209999,25.814631,123348000,AAPL
07/11/2016,27.52,27.627501,27.365,27.602501,26.187002,130240000,AAPL
08/11/2016,27.577499,27.93,27.424999,27.764999,26.341171,97016800,AAPL
09/11/2016,27.469999,27.83,27.012501,27.719999,26.298481,236705600,AAPL
10/11/2016,27.772499,27.772499,26.4575,26.9475,25.565596,228538000,AAPL
11/11/2016,26.780001,27.217501,26.637501,27.1075,25.717388,136575600,AAPL
14/11/2016,26.9275,26.952499,26.02,26.4275,25.07226,204702000,AAPL
15/11/2016,26.6425,26.92,26.540001,26.7775,25.404314,129058000,AAPL
16/11/2016,26.674999,27.557501,26.65,27.497499,26.087387,235362000,AAPL
17/11/2016,27.452499,27.5875,27.2075,27.487499,26.077896,110528000,AAPL
18/11/2016,27.43,27.635,27.415001,27.514999,26.103992,113715600,AAPL
21/11/2016,27.530001,27.997499,27.502501,27.932501,26.500082,117058400,AAPL
22/11/2016,27.987499,28.105,27.85,27.950001,26.516682,103862000,AAPL
23/11/2016,27.84,27.877501,27.5825,27.807501,26.381491,109705600,AAPL
25/11/2016,27.782499,27.967501,27.737499,27.9475,26.514313,45903600,AAPL
28/11/2016,27.8575,28.1175,27.8475,27.8925,26.462132,108776000,AAPL
29/11/2016,27.695,28.0075,27.5175,27.865,26.436045,114115200,AAPL
30/11/2016,27.9,28.049999,27.567499,27.629999,26.213095,144649200,AAPL
01/12/2016,27.592501,27.735001,27.2575,27.372499,25.9688,148347600,AAPL
02/12/2016,27.2925,27.522499,27.2125,27.475,26.066044,106112000,AAPL
05/12/2016,27.5,27.5075,27.0625,27.2775,25.878672,137298000,AAPL
06/12/2016,27.375,27.59,27.297501,27.487499,26.077896,104782000,AAPL
07/12/2016,27.315001,27.797501,27.290001,27.7575,26.334061,119994800,AAPL
08/12/2016,27.715,28.1075,27.65,28.030001,26.592581,108273200,AAPL
09/12/2016,28.077499,28.674999,28.077499,28.487499,27.026619,137610400,AAPL
12/12/2016,28.3225,28.75,28.122499,28.325001,26.872458,105497600,AAPL
13/12/2016,28.459999,28.98,28.4375,28.797501,27.320726,174935200,AAPL
14/12/2016,28.76,29.049999,28.745001,28.797501,27.320726,136127200,AAPL
15/12/2016,28.844999,29.182501,28.807501,28.955,27.470144,186098000,AAPL
16/12/2016,29.1175,29.125,28.9125,28.9925,27.505724,177404400,AAPL
19/12/2016,28.950001,29.344999,28.9375,29.16,27.664633,111117600,AAPL
20/12/2016,29.184999,29.375,29.17,29.237499,27.738157,85700000,AAPL
21/12/2016,29.200001,29.35,29.195,29.264999,27.76425,95132800,AAPL
22/12/2016,29.0875,29.127501,28.91,29.0725,27.581623,104343600,AAPL
23/12/2016,28.897499,29.129999,28.897499,29.129999,27.636169,56998000,AAPL
27/12/2016,29.129999,29.450001,29.122499,29.315001,27.811686,73187600,AAPL
28/12/2016,29.379999,29.504999,29.049999,29.190001,27.6931,83623600,AAPL
29/12/2016,29.112499,29.2775,29.1,29.182501,27.68598,60158000,AAPL
30/12/2016,29.1625,29.299999,28.8575,28.955,27.470144,122345200,AAPL
03/01/2017,28.950001,29.0825,28.690001,29.0375,27.548414,115127600,AAPL
04/01/2017,28.9625,29.127501,28.9375,29.004999,27.517582,84472400,AAPL
05/01/2017,28.98,29.215,28.952499,29.1525,27.65752,88774400,AAPL
06/01/2017,29.195,29.540001,29.1175,29.477501,27.965857,127007600,AAPL
09/01/2017,29.487499,29.8575,29.485001,29.747499,28.222006,134247600,AAPL
10/01/2017,29.692499,29.844999,29.575001,29.7775,28.250471,97848400,AAPL
11/01/2017,29.684999,29.9825,29.65,29.9375,28.402262,110354400,AAPL
12/01/2017,29.725,29.825001,29.5525,29.8125,28.28367,108344800,AAPL
13/01/2017,29.7775,29.905001,29.702499,29.76,28.233862,104447600,AAPL
17/01/2017,29.584999,30.059999,29.555,30,28.461563,137759200,AAPL
18/01/2017,30,30.125,29.9275,29.997499,28.459183,94852000,AAPL
19/01/2017,29.85,30.022499,29.842501,29.945,28.409378,102389200,AAPL
20/01/2017,30.112499,30.112499,29.932501,30,28.461563,130391600,AAPL
23/01/2017,30,30.202499,29.942499,30.02,28.480532,88200800,AAPL
24/01/2017,29.887501,30.025,29.875,29.9925,28.454441,92844000,AAPL
25/01/2017,30.105,30.525,30.07,30.469999,28.907455,129510400,AAPL
26/01/2017,30.4175,30.610001,30.4,30.485001,28.921686,105350400,AAPL
27/01/2017,30.535,30.5875,30.4,30.487499,28.924057,82251600,AAPL
30/01/2017,30.2325,30.407499,30.165001,30.407499,28.848156,121510000,AAPL
31/01/2017,30.2875,30.3475,30.155001,30.3375,28.78175,196804000,AAPL
01/02/2017,31.7575,32.622501,31.752501,32.1875,30.536879,447940000,AAPL
02/02/2017,31.995001,32.3475,31.945,32.1325,30.484697,134841600,AAPL
03/02/2017,32.077499,32.297501,32.040001,32.27,30.61515,98029200,AAPL
06/02/2017,32.282501,32.625,32.224998,32.572498,30.902138,107383600,AAPL
07/02/2017,32.634998,33.022499,32.612499,32.8825,31.196234,152735200,AAPL
08/02/2017,32.837502,33.055,32.805,33.009998,31.317196,92016400,AAPL
09/02/2017,32.912498,33.112499,32.779999,33.105,31.543493,113399600,AAPL
10/02/2017,33.115002,33.235001,33.012501,33.029999,31.472033,80262000,AAPL
13/02/2017,33.27,33.455002,33.1875,33.322498,31.750734,92141600,AAPL
14/02/2017,33.3675,33.772499,33.3125,33.755001,32.162846,132904800,AAPL
15/02/2017,33.880001,34.067501,33.654999,33.877499,32.279568,142492400,AAPL
16/02/2017,33.9175,33.974998,33.709999,33.837502,32.241451,90338400,AAPL
17/02/2017,33.775002,33.9575,33.775002,33.93,32.32959,88792800,AAPL
21/02/2017,34.057499,34.1875,33.994999,34.174999,32.563034,98028800,AAPL
22/02/2017,34.107498,34.279999,34.0275,34.2775,32.660694,83347600,AAPL
23/02/2017,34.345001,34.369999,34.075001,34.1325,32.522533,83152800,AAPL
24/02/2017,33.977501,34.165001,33.82,34.165001,32.553505,87106400,AAPL
27/02/2017,34.285,34.360001,34.07,34.232498,32.617813,81029600,AAPL
28/02/2017,34.27,34.360001,34.174999,34.247501,32.632114,93931600,AAPL
01/03/2017,34.4725,35.037498,34.400002,34.947498,33.299088,145658400,AAPL
02/03/2017,35,35.07,34.689999,34.740002,33.101376,104844000,AAPL
03/03/2017,34.695,34.9575,34.647499,34.945,33.296707,84432400,AAPL
06/03/2017,34.842499,34.942501,34.650002,34.834999,33.191895,87000000,AAPL
07/03/2017,34.764999,34.994999,34.697498,34.880001,33.234776,69785200,AAPL
08/03/2017,34.737499,34.950001,34.705002,34.75,33.110909,74828800,AAPL
09/03/2017,34.685001,34.697498,34.262501,34.669998,33.034672,88623600,AAPL
10/03/2017,34.8125,34.84,34.66,34.785,33.144257,78451200,AAPL
13/03/2017,34.712502,34.857498,34.705002,34.799999,33.158543,69686800,AAPL
14/03/2017,34.825001,34.912498,34.709999,34.747501,33.108528,61236400,AAPL
15/03/2017,34.852501,35.1875,34.7575,35.115002,33.458694,102767200,AAPL
16/03/2017,35.18,35.255001,35.064999,35.172501,33.51347,76928000,AAPL
17/03/2017,35.25,35.25,34.9725,34.997501,33.346737,175540000,AAPL
20/03/2017,35.099998,35.375,35.057499,35.365002,33.696899,86168000,AAPL
21/03/2017,35.5275,35.700001,34.932499,34.959999,33.311001,158119600,AAPL
22/03/2017,34.962502,35.400002,34.939999,35.355,33.68737,103440800,AAPL
23/03/2017,35.314999,35.395,35.1525,35.23,33.56826,81385200,AAPL
24/03/2017,35.375,35.435001,35.087502,35.16,33.501568,89582400,AAPL
27/03/2017,34.8475,35.305,34.654999,35.220001,33.558743,94300400,AAPL
28/03/2017,35.227501,36.009998,35.154999,35.950001,34.254307,133499200,AAPL
29/03/2017,35.919998,36.122501,35.797501,36.029999,34.330524,116760000,AAPL
30/03/2017,36.047501,36.125,35.875,35.982498,34.285263,84829200,AAPL
31/03/2017,35.93,36.067501,35.752499,35.915001,34.220959,78646800,AAPL
03/04/2017,35.927502,36.029999,35.762501,35.924999,34.230484,79942800,AAPL
04/04/2017,35.8125,36.2225,35.7925,36.192501,34.485367,79565600,AAPL
05/04/2017,36.055,36.365002,35.952499,36.005001,34.306713,110871600,AAPL
06/04/2017,36.072498,36.130001,35.862499,35.915001,34.220959,84596000,AAPL
07/04/2017,35.932499,36.044998,35.817501,35.834999,34.144726,66688800,AAPL
10/04/2017,35.900002,35.970001,35.724998,35.7925,34.104233,75733600,AAPL
11/04/2017,35.735001,35.837502,35.014999,35.407501,33.737396,121517600,AAPL
12/04/2017,35.400002,35.537498,35.252499,35.450001,33.777882,81400000,AAPL
13/04/2017,35.477501,35.595001,35.262501,35.262501,33.599232,71291600,AAPL
17/04/2017,35.369999,35.470001,35.217499,35.4575,33.785034,66328400,AAPL
18/04/2017,35.352501,35.509998,35.2775,35.299999,33.634968,58790000,AAPL
19/04/2017,35.470001,35.5,35.112499,35.169998,33.511097,69313600,AAPL
20/04/2017,35.305,35.73,35.290001,35.610001,33.93034,93278400,AAPL
21/04/2017,35.610001,35.669998,35.462502,35.567501,33.889851,69283600,AAPL
24/04/2017,35.875,35.987499,35.794998,35.91,34.216194,68537200,AAPL
25/04/2017,35.977501,36.224998,35.967499,36.1325,34.428196,75486000,AAPL
26/04/2017,36.1175,36.150002,35.845001,35.919998,34.225719,80164800,AAPL
27/04/2017,35.98,36.040001,35.827499,35.947498,34.251919,56985200,AAPL
28/04/2017,36.022499,36.075001,35.817501,35.912498,34.218575,83441600,AAPL
01/05/2017,36.275002,36.799999,36.240002,36.645,34.916527,134411600,AAPL
02/05/2017,36.884998,37.022499,36.709999,36.877499,35.13805,181408800,AAPL
03/05/2017,36.397499,36.872501,36.067501,36.764999,35.030865,182788000,AAPL
04/05/2017,36.630001,36.785,36.452499,36.6325,34.904613,93487600,AAPL
05/05/2017,36.689999,37.244999,36.689999,37.240002,35.483456,109310800,AAPL
08/05/2017,37.2575,38.424999,37.2575,38.252499,36.4482,195009600,AAPL
09/05/2017,38.467499,38.720001,38.362499,38.497501,36.681641,156521600,AAPL
10/05/2017,38.407501,38.485001,38.0275,38.314999,36.507751,103222800,AAPL
11/05/2017,38.112499,38.517502,38.077499,38.487499,36.823475,109020400,AAPL
12/05/2017,38.674999,39.105,38.6675,39.025002,37.337746,130108000,AAPL
15/05/2017,39.002499,39.162498,38.762501,38.924999,37.242069,104038800,AAPL
16/05/2017,38.985001,39.014999,38.68,38.8675,37.18705,80194000,AAPL
17/05/2017,38.400002,38.642502,37.427502,37.5625,35.938477,203070800,AAPL
18/05/2017,37.817501,38.334999,37.782501,38.134998,36.486221,134272800,AAPL
19/05/2017,38.345001,38.494999,38.157501,38.264999,36.6106,107843200,AAPL
22/05/2017,38.5,38.645,38.227501,38.497501,36.833046,91865600,AAPL
23/05/2017,38.724998,38.724998,38.327499,38.450001,36.787601,79675600,AAPL
24/05/2017,38.459999,38.5425,38.1675,38.334999,36.677582,76712000,AAPL
25/05/2017,38.432499,38.587502,38.2575,38.467499,36.80434,76942400,AAPL
26/05/2017,38.5,38.560001,38.327499,38.4025,36.742161,87710400,AAPL
30/05/2017,38.355,38.607498,38.3325,38.4175,36.756512,80507600,AAPL
31/05/2017,38.4925,38.5425,38.095001,38.189999,36.538845,97804800,AAPL
01/06/2017,38.2925,38.3325,38.055,38.294998,36.639305,65616400,AAPL
02/06/2017,38.395,38.862499,38.2225,38.862499,37.18227,111082800,AAPL
05/06/2017,38.584999,38.612499,38.365002,38.482498,36.818695,101326800,AAPL
06/06/2017,38.474998,38.952499,38.445,38.612499,36.943081,106499600,AAPL
07/06/2017,38.755001,38.994999,38.619999,38.842499,37.163132,84278400,AAPL
08/06/2017,38.8125,38.884998,38.599998,38.747501,37.072239,85003200,AAPL
09/06/2017,38.797501,38.797501,36.505001,37.244999,35.634693,259530800,AAPL
12/06/2017,36.435001,36.522499,35.627499,36.355,34.78318,289229200,AAPL
13/06/2017,36.790001,36.862499,36.287498,36.647499,35.063038,136661600,AAPL
14/06/2017,36.875,36.875,35.959999,36.290001,34.720989,126124800,AAPL
15/06/2017,35.830002,36.119999,35.552502,36.072498,34.51289,128661600,AAPL
16/06/2017,35.945,36.125,35.549999,35.567501,34.029736,201444400,AAPL
19/06/2017,35.915001,36.685001,35.915001,36.584999,35.003239,130165600,AAPL
20/06/2017,36.717499,36.717499,36.235001,36.252499,34.685108,99600400,AAPL
21/06/2017,36.380001,36.517502,36.1525,36.467499,34.890816,85063200,AAPL
22/06/2017,36.442501,36.674999,36.279999,36.407501,34.83342,76425200,AAPL
23/06/2017,36.282501,36.790001,36.2775,36.57,34.988884,141757600,AAPL
26/06/2017,36.7925,37.07,36.345001,36.455002,34.87886,102769600,AAPL
27/06/2017,36.252499,36.540001,35.904999,35.932499,34.378944,99047600,AAPL
28/06/2017,36.122501,36.5275,35.790001,36.4575,34.881248,88329600,AAPL
29/06/2017,36.177502,36.282501,35.57,35.919998,34.366989,125997600,AAPL
30/06/2017,36.112499,36.240002,35.945,36.005001,34.448315,92096400,AAPL
03/07/2017,36.220001,36.325001,35.775002,35.875,34.323929,57111200,AAPL
05/07/2017,35.922501,36.197498,35.68,36.022499,34.465057,86278400,AAPL
06/07/2017,35.755001,35.875,35.602501,35.682499,34.139759,96515200,AAPL
07/07/2017,35.724998,36.1875,35.724998,36.044998,34.486584,76806800,AAPL
10/07/2017,36.0275,36.487499,35.842499,36.264999,34.697067,84362400,AAPL
11/07/2017,36.182499,36.462502,36.095001,36.3825,34.80949,79127200,AAPL
12/07/2017,36.467499,36.544998,36.205002,36.435001,34.859726,99538000,AAPL
13/07/2017,36.375,37.122501,36.360001,36.942501,35.345287,100797600,AAPL
14/07/2017,36.9925,37.3325,36.8325,37.259998,35.649052,80528400,AAPL
17/07/2017,37.205002,37.724998,37.142502,37.389999,35.773434,95174000,AAPL
18/07/2017,37.299999,37.532501,37.1675,37.52,35.897812,71475200,AAPL
19/07/2017,37.619999,37.855,37.487499,37.755001,36.122654,83692000,AAPL
20/07/2017,37.875,37.935001,37.547501,37.584999,35.959999,68974800,AAPL
21/07/2017,37.497501,37.610001,37.220001,37.567501,35.943256,105010400,AAPL
24/07/2017,37.645,38.110001,37.474998,38.022499,36.378593,85972800,AAPL
25/07/2017,37.950001,38.459999,37.950001,38.185001,36.534061,75415600,AAPL
26/07/2017,38.337502,38.482498,38.264999,38.365002,36.706284,63124000,AAPL
27/07/2017,38.4375,38.497501,36.825001,37.639999,36.012627,129905200,AAPL
28/07/2017,37.4725,37.557499,37.297501,37.375,35.759083,68854800,AAPL
31/07/2017,37.474998,37.5825,37.032501,37.182499,35.574905,79383600,AAPL
01/08/2017,37.275002,37.555,37.102501,37.512501,35.890636,141474400,AAPL
02/08/2017,39.82,39.9375,39.040001,39.285,37.586502,279747200,AAPL
03/08/2017,39.262501,39.302502,38.755001,38.892502,37.210976,108389200,AAPL
04/08/2017,39.017502,39.349998,38.922501,39.0975,37.407112,82239600,AAPL
07/08/2017,39.264999,39.73,39.1675,39.702499,37.985954,87481200,AAPL
08/08/2017,39.650002,40.4575,39.567501,40.02,38.289726,144823600,AAPL
09/08/2017,39.814999,40.317501,39.7775,40.264999,38.524132,104526000,AAPL
10/08/2017,39.974998,40,38.657501,38.830002,37.297066,163217200,AAPL
11/08/2017,39.150002,39.642502,39.017502,39.369999,37.81575,105028400,AAPL
14/08/2017,39.830002,40.052502,39.6875,39.962502,38.384861,88490800,AAPL
15/08/2017,40.165001,40.549999,40.035,40.400002,38.80508,117862000,AAPL
16/08/2017,40.485001,40.627499,40.037498,40.237499,38.649002,110686400,AAPL
17/08/2017,40.130001,40.177502,39.459999,39.465,37.906998,111762400,AAPL
18/08/2017,39.465,39.875,39.18,39.375,37.82056,109712400,AAPL
21/08/2017,39.375,39.4725,38.7775,39.302502,37.750916,105474000,AAPL
22/08/2017,39.557499,40,39.505001,39.945,38.368046,86418400,AAPL
23/08/2017,39.767502,40.1175,39.720001,39.994999,38.416069,77596400,AAPL
24/08/2017,40.107498,40.185001,39.637501,39.817501,38.245575,79275600,AAPL
25/08/2017,39.912498,40.139999,39.817501,39.965,38.38726,101920400,AAPL
28/08/2017,40.035,40.5,39.982498,40.3675,38.773869,103864000,AAPL
29/08/2017,40.025002,40.779999,40,40.727501,39.119656,118067600,AAPL
30/08/2017,40.950001,40.9725,40.6525,40.837502,39.225315,109078400,AAPL
31/08/2017,40.91,41.130001,40.869999,41,39.381397,107140400,AAPL
01/09/2017,41.200001,41.235001,40.907501,41.012501,39.39341,66364400,AAPL
05/09/2017,40.9375,41.0625,40.139999,40.52,38.920349,117874000,AAPL
06/09/2017,40.677502,40.747501,40.130001,40.477501,38.879524,86606800,AAPL
07/09/2017,40.522499,40.560001,40.09,40.314999,38.723442,87714000,AAPL
08/09/2017,40.215,40.287498,39.6325,39.657501,38.091904,114446000,AAPL
11/09/2017,40.125,40.512501,39.9725,40.375,38.781078,126323200,AAPL
12/09/2017,40.6525,40.990002,39.692501,40.215,38.627396,286856000,AAPL
13/09/2017,39.967499,39.990002,39.477501,39.912498,38.336834,179629600,AAPL
14/09/2017,39.747501,39.849998,39.522499,39.57,38.007851,95042800,AAPL
15/09/2017,39.6175,40.2425,39.5,39.970001,38.392063,196458400,AAPL
18/09/2017,40.0275,40.125,39.5,39.6675,38.101501,113077600,AAPL
19/09/2017,39.877499,39.942501,39.610001,39.682499,38.11591,83242400,AAPL
20/09/2017,39.474998,39.564999,38.4575,39.017502,37.477169,211805600,AAPL
21/09/2017,38.950001,38.950001,38.1875,38.3475,36.833611,150046800,AAPL
22/09/2017,37.884998,38.067501,37.639999,37.9725,36.473415,186581600,AAPL
25/09/2017,37.497501,37.9575,37.290001,37.637501,36.151646,177549200,AAPL
26/09/2017,37.945,38.48,37.922501,38.285,36.773579,146640000,AAPL
27/09/2017,38.450001,38.68,38.384998,38.557499,37.035324,102016800,AAPL
28/09/2017,38.4725,38.57,38.174999,38.32,36.807201,88022000,AAPL
29/09/2017,38.302502,38.532501,38,38.529999,37.008904,105199200,AAPL
02/10/2017,38.564999,38.612499,38.18,38.452499,36.934471,74795200,AAPL
03/10/2017,38.502499,38.772499,38.477501,38.619999,37.09536,64921200,AAPL
04/10/2017,38.407501,38.465,38.115002,38.369999,36.855228,80655200,AAPL
05/10/2017,38.544998,38.860001,38.512501,38.8475,37.313873,85135200,AAPL
06/10/2017,38.7425,38.872501,38.639999,38.825001,37.292255,69630400,AAPL
09/10/2017,38.952499,39.182499,38.872501,38.959999,37.421932,65051600,AAPL
10/10/2017,39.014999,39.5,38.775002,38.974998,37.436337,62468000,AAPL
11/10/2017,38.9925,39.244999,38.9375,39.137501,37.592426,67622400,AAPL
12/10/2017,39.087502,39.342499,38.932499,39,37.460361,64500400,AAPL
13/10/2017,39.182499,39.32,39.102501,39.247501,37.69809,65576800,AAPL
16/10/2017,39.474998,40,39.412498,39.970001,38.392063,96486000,AAPL
17/10/2017,39.945,40.217499,39.807499,40.1175,38.533737,75989200,AAPL
18/10/2017,40.105,40.177502,39.900002,39.939999,38.363247,65496800,AAPL
19/10/2017,39.1875,39.27,38.755001,38.994999,37.455551,170336800,AAPL
20/10/2017,39.1525,39.4375,38.990002,39.0625,37.52039,95896400,AAPL
23/10/2017,39.2225,39.422501,38.875,39.0425,37.501179,87937200,AAPL
24/10/2017,39.072498,39.355,39.049999,39.275002,37.724499,71028800,AAPL
25/10/2017,39.227501,39.387501,38.817501,39.102501,37.558807,84828400,AAPL
26/10/2017,39.307499,39.4575,39.195,39.352501,37.798935,68002000,AAPL
27/10/2017,39.822498,40.900002,39.674999,40.762501,39.153267,177816800,AAPL
30/10/2017,40.9725,42.017502,40.93,41.68,40.034557,178803200,AAPL
31/10/2017,41.974998,42.412498,41.735001,42.259998,40.591652,144187200,AAPL
01/11/2017,42.467499,42.485001,41.4025,41.7225,40.075378,134551200,AAPL
02/11/2017,41.650002,42.125,41.32,42.0275,40.36834,165573600,AAPL
03/11/2017,43.5,43.564999,42.779999,43.125,41.422508,237594400,AAPL
06/11/2017,43.092499,43.747501,42.93,43.5625,41.842739,140105200,AAPL
07/11/2017,43.477501,43.8125,43.400002,43.702499,41.977203,97446000,AAPL
08/11/2017,43.665001,44.060001,43.5825,44.060001,42.320599,97638000,AAPL
09/11/2017,43.7775,44.025002,43.285,43.970001,42.23415,117930400,AAPL
10/11/2017,43.7775,43.845001,43.567501,43.6675,42.094368,100582000,AAPL
13/11/2017,43.375,43.625,43.349998,43.4925,41.925674,67928400,AAPL
14/11/2017,43.259998,43.369999,42.794998,42.834999,41.291862,99130000,AAPL
15/11/2017,42.4925,42.580002,42.095001,42.27,40.747211,116632400,AAPL
16/11/2017,42.794998,42.967499,42.575001,42.775002,41.234024,94550000,AAPL
17/11/2017,42.759998,42.8475,42.41,42.537498,41.005077,87598000,AAPL
20/11/2017,42.572498,42.639999,42.389999,42.494999,40.964115,65049600,AAPL
21/11/2017,42.695,43.424999,42.695,43.285,41.725651,100525200,AAPL
22/11/2017,43.34,43.75,43.262501,43.740002,42.164257,102355600,AAPL
24/11/2017,43.775002,43.875,43.662498,43.7425,42.166676,56106800,AAPL
27/11/2017,43.762501,43.77,43.334999,43.522499,41.954594,82867200,AAPL
28/11/2017,43.575001,43.717499,42.965,43.267502,41.708782,105715200,AAPL
29/11/2017,43.157501,43.23,41.790001,42.369999,40.843628,166665600,AAPL
30/11/2017,42.607498,43.035,42.110001,42.962502,41.414772,166108800,AAPL
01/12/2017,42.487499,42.9175,42.125,42.762501,41.221973,159037200,AAPL
04/12/2017,43.119999,43.154999,42.407501,42.450001,40.920731,130169600,AAPL
05/12/2017,42.264999,42.880001,42.099998,42.41,40.882164,109400800,AAPL
06/12/2017,41.875,42.549999,41.615002,42.252499,40.73035,114240000,AAPL
07/12/2017,42.2575,42.610001,42.227501,42.330002,40.805065,102693200,AAPL
08/12/2017,42.622501,42.75,42.205002,42.342499,40.817101,93420800,AAPL
11/12/2017,42.299999,43.2225,42.197498,43.1675,41.612385,141095200,AAPL
12/12/2017,43.037498,43.0975,42.865002,42.924999,41.37862,77636800,AAPL
13/12/2017,43.125,43.384998,43,43.067501,41.515987,95273600,AAPL
14/12/2017,43.099998,43.282501,42.912498,43.055,41.503937,81906000,AAPL
15/12/2017,43.407501,43.5425,43.115002,43.4925,41.925674,160677200,AAPL
18/12/2017,43.720001,44.299999,43.715,44.105,42.516113,117684400,AAPL
19/12/2017,43.7575,43.8475,43.522499,43.634998,42.063038,109745600,AAPL
20/12/2017,43.717499,43.855,43.3125,43.587502,42.017254,93902400,AAPL
21/12/2017,43.5425,44.005001,43.525002,43.752499,42.176311,83799600,AAPL
22/12/2017,43.669998,43.855,43.625,43.752499,42.176311,65397600,AAPL
26/12/2017,42.700001,42.8675,42.419998,42.642502,41.106304,132742000,AAPL
27/12/2017,42.525002,42.695,42.427502,42.650002,41.113533,85992800,AAPL
28/12/2017,42.75,42.962502,42.619999,42.77,41.229214,65920800,AAPL
29/12/2017,42.630001,42.647499,42.305,42.307499,40.783367,103999600,AAPL
02/01/2018,42.540001,43.075001,42.314999,43.064999,41.51358,102223600,AAPL
03/01/2018,43.1325,43.637501,42.990002,43.057499,41.506344,118071600,AAPL
04/01/2018,43.134998,43.3675,43.02,43.2575,41.699139,89738400,AAPL
05/01/2018,43.360001,43.842499,43.262501,43.75,42.173893,94640000,AAPL
08/01/2018,43.587502,43.9025,43.482498,43.587502,42.017254,82271200,AAPL
09/01/2018,43.637501,43.764999,43.352501,43.5825,42.012432,86336000,AAPL
10/01/2018,43.290001,43.575001,43.25,43.572498,42.002796,95839600,AAPL
11/01/2018,43.647499,43.872501,43.622501,43.82,42.241379,74670800,AAPL
12/01/2018,44.044998,44.34,43.912498,44.272499,42.677582,101672400,AAPL
16/01/2018,44.474998,44.8475,44.035,44.047501,42.460686,118263600,AAPL
17/01/2018,44.037498,44.8125,43.767502,44.775002,43.16198,137547200,AAPL
18/01/2018,44.842499,45.025002,44.5625,44.814999,43.200535,124773600,AAPL
19/01/2018,44.6525,44.895,44.352501,44.615002,43.007744,129700400,AAPL
22/01/2018,44.325001,44.445,44.150002,44.25,42.655895,108434400,AAPL
23/01/2018,44.325001,44.860001,44.205002,44.259998,42.665524,130756400,AAPL
24/01/2018,44.3125,44.325001,43.299999,43.555,41.985931,204420400,AAPL
25/01/2018,43.627499,43.737499,42.6325,42.7775,41.236435,166116000,AAPL
26/01/2018,43,43,42.514999,42.877499,41.332829,156572000,AAPL
29/01/2018,42.540001,42.540001,41.767502,41.990002,40.477306,202561600,AAPL
30/01/2018,41.3825,41.842499,41.174999,41.7425,40.238724,184192800,AAPL
31/01/2018,41.717499,42.110001,41.625,41.857498,40.349579,129915600,AAPL
01/02/2018,41.7925,42.154999,41.689999,41.945,40.433929,188923200,AAPL
02/02/2018,41.5,41.700001,40.025002,40.125,38.679497,346375200,AAPL
05/02/2018,39.775002,40.970001,39,39.122501,37.7131,290954000,AAPL
06/02/2018,38.7075,40.93,38.5,40.7575,39.2892,272975200,AAPL
07/02/2018,40.772499,40.849998,39.767502,39.884998,38.448132,206434400,AAPL
08/02/2018,40.072498,40.25,38.7575,38.787498,37.390179,217562000,AAPL
09/02/2018,39.267502,39.4725,37.560001,39.102501,37.847511,282690400,AAPL
12/02/2018,39.625,40.9725,39.377499,40.677502,39.37196,243278000,AAPL
13/02/2018,40.487499,41.1875,40.412498,41.084999,39.766384,130196800,AAPL
14/02/2018,40.759998,41.884998,40.720001,41.842499,40.499569,162579600,AAPL
15/02/2018,42.447498,43.272499,42.25,43.247501,41.859478,204588800,AAPL
16/02/2018,43.09,43.705002,42.942501,43.107498,41.723969,160704400,AAPL
20/02/2018,43.012501,43.564999,42.855,42.962502,41.583626,135722000,AAPL
21/02/2018,43.2075,43.529999,42.752499,42.767502,41.394882,149886400,AAPL
22/02/2018,42.950001,43.487499,42.927502,43.125,41.74091,123967600,AAPL
23/02/2018,43.4175,43.912498,43.384998,43.875,42.466835,135249600,AAPL
26/02/2018,44.087502,44.8475,44.052502,44.7425,43.306488,152648800,AAPL
27/02/2018,44.775002,45.119999,44.540001,44.5975,43.166153,155712400,AAPL
28/02/2018,44.814999,45.154999,44.512501,44.529999,43.100819,151128400,AAPL
01/03/2018,44.634998,44.945,43.165001,43.75,42.34584,195208000,AAPL
02/03/2018,43.200001,44.075001,43.112499,44.052502,42.638641,153816000,AAPL
05/03/2018,43.802502,44.435001,43.630001,44.205002,42.786251,113605600,AAPL
06/03/2018,44.477501,44.5625,44.032501,44.1675,42.74995,95154000,AAPL
07/03/2018,43.735001,43.962502,43.567501,43.7575,42.353111,126814000,AAPL
08/03/2018,43.869999,44.279999,43.767502,44.235001,42.815285,95096400,AAPL
09/03/2018,44.490002,45,44.3475,44.994999,43.550888,128740800,AAPL
12/03/2018,45.072498,45.5975,45.052502,45.43,43.971928,128828400,AAPL
13/03/2018,45.647499,45.875,44.810001,44.9925,43.548473,126774000,AAPL
14/03/2018,45.080002,45.130001,44.452499,44.610001,43.178246,117473600,AAPL
15/03/2018,44.625,45.060001,44.517502,44.662498,43.229061,90975200,AAPL
16/03/2018,44.662498,44.779999,44.404999,44.505001,43.076622,157618800,AAPL
19/03/2018,44.330002,44.3675,43.415001,43.825001,42.418446,133787200,AAPL
20/03/2018,43.810001,44.200001,43.735001,43.810001,42.403927,78597600,AAPL
21/03/2018,43.759998,43.772499,42.814999,42.817501,41.443279,148219600,AAPL
22/03/2018,42.5,43.169998,42.150002,42.212502,40.857697,165963200,AAPL
23/03/2018,42.0975,42.48,41.235001,41.235001,39.911564,164115200,AAPL
26/03/2018,42.017502,43.275002,41.610001,43.192501,41.806248,150164800,AAPL
27/03/2018,43.419998,43.787498,41.73,42.084999,40.734283,163690400,AAPL
28/03/2018,41.8125,42.505001,41.297501,41.619999,40.28421,166674000,AAPL
29/03/2018,41.952499,42.9375,41.724998,41.945,40.598782,153594000,AAPL
02/04/2018,41.66,42.235001,41.1175,41.669998,40.332607,150347200,AAPL
03/04/2018,41.91,42.1875,41.220001,42.0975,40.746387,121112000,AAPL
04/04/2018,41.220001,43.002499,41.192501,42.9025,41.525551,138422000,AAPL
05/04/2018,43.145,43.557499,43.02,43.200001,41.813499,107732800,AAPL
06/04/2018,42.7425,43.119999,42.049999,42.095001,40.743973,140021200,AAPL
09/04/2018,42.470001,43.272499,42.462502,42.512501,41.148064,116070800,AAPL
10/04/2018,43.25,43.5,42.8825,43.3125,41.922394,113634400,AAPL
11/04/2018,43.057499,43.48,42.924999,43.110001,41.726391,89726400,AAPL
12/04/2018,43.352501,43.75,43.259998,43.535,42.137756,91557200,AAPL
13/04/2018,43.695,43.959999,43.462502,43.682499,42.28051,100497200,AAPL
16/04/2018,43.7575,44.047501,43.7075,43.955002,42.544277,86313600,AAPL
17/04/2018,44.122501,44.735001,44.102501,44.560001,43.129852,106421600,AAPL
18/04/2018,44.452499,44.705002,44.220001,44.459999,43.033062,83018000,AAPL
19/04/2018,43.439999,43.8475,43.165001,43.200001,41.813499,139235200,AAPL
20/04/2018,42.650002,42.805,41.357498,41.43,40.100307,261964400,AAPL
23/04/2018,41.7075,41.73,41.022499,41.310001,39.984165,146062000,AAPL
24/04/2018,41.4175,41.5825,40.305,40.735001,39.42762,134768000,AAPL
25/04/2018,40.654999,41.355,40.602501,40.912498,39.599415,113528400,AAPL
26/04/2018,41.029999,41.432499,40.842499,41.055,39.737343,111852000,AAPL
27/04/2018,41,41.0825,40.157501,40.580002,39.277592,142623200,AAPL
30/04/2018,40.532501,41.814999,40.459999,41.314999,39.988998,169709600,AAPL
01/05/2018,41.602501,42.299999,41.317501,42.275002,40.918182,214277600,AAPL
02/05/2018,43.807499,44.4375,43.450001,44.142502,42.725754,266157600,AAPL
03/05/2018,43.970001,44.375,43.610001,44.2225,42.803181,136272800,AAPL
04/05/2018,44.5625,46.0625,44.5425,45.9575,44.482498,224805200,AAPL
07/05/2018,46.294998,46.9175,46.1875,46.290001,44.804325,169805600,AAPL
08/05/2018,46.247501,46.555,45.9175,46.512501,45.019688,113611200,AAPL
09/05/2018,46.637501,46.849998,46.305,46.84,45.336678,92844800,AAPL
10/05/2018,46.935001,47.592499,46.912498,47.509998,45.985168,111957200,AAPL
11/05/2018,47.372501,47.514999,46.862499,47.147499,45.810276,104848800,AAPL
14/05/2018,47.252499,47.3825,46.965,47.037498,45.703396,83115200,AAPL
15/05/2018,46.695,46.767502,46.275002,46.610001,45.288029,94780800,AAPL
16/05/2018,46.517502,47.115002,46.5,47.044998,45.710678,76732400,AAPL
17/05/2018,47,47.227501,46.59,46.747501,45.421623,69176000,AAPL
18/05/2018,46.797501,46.952499,46.532501,46.577499,45.256443,73190800,AAPL
21/05/2018,47,47.317501,46.727501,46.907501,45.577084,73603200,AAPL
22/05/2018,47.095001,47.220001,46.695,46.790001,45.462914,60962800,AAPL
23/05/2018,46.587502,47.125,46.439999,47.09,45.754414,80233600,AAPL
24/05/2018,47.192501,47.209999,46.552502,47.037498,45.703396,92936000,AAPL
25/05/2018,47.057499,47.412498,46.912498,47.145,45.80785,69844000,AAPL
29/05/2018,46.900002,47.1875,46.717499,46.974998,45.642673,90056400,AAPL
30/05/2018,46.93,47,46.695,46.875,45.545509,74762000,AAPL
31/05/2018,46.805,47.057499,46.535,46.717499,45.392467,109931200,AAPL
01/06/2018,46.997501,47.564999,46.9375,47.560001,46.211071,93770000,AAPL
04/06/2018,47.91,48.355,47.837502,47.9575,46.597305,105064800,AAPL
05/06/2018,48.267502,48.485001,48.09,48.327499,46.956806,86264000,AAPL
06/06/2018,48.407501,48.52,47.98,48.494999,47.119556,83734400,AAPL
07/06/2018,48.535,48.549999,48.084999,48.365002,46.993248,85388800,AAPL
08/06/2018,47.7925,48,47.442501,47.924999,46.565727,106627200,AAPL
11/06/2018,47.837502,47.9925,47.552502,47.807499,46.451557,73234000,AAPL
12/06/2018,47.8475,48.1525,47.787498,48.07,46.706612,67644400,AAPL
13/06/2018,48.105,48.220001,47.610001,47.674999,46.322815,86553600,AAPL
14/06/2018,47.887501,47.892502,47.555,47.700001,46.347111,86440400,AAPL
15/06/2018,47.5075,47.540001,47.064999,47.209999,45.87101,246876800,AAPL
18/06/2018,46.970001,47.305,46.799999,47.185001,45.84671,73939600,AAPL
19/06/2018,46.285,46.5825,45.862499,46.422501,45.105843,134314000,AAPL
20/06/2018,46.587502,46.799999,46.432499,46.625,45.302597,82514800,AAPL
21/06/2018,46.8125,47.087502,46.235001,46.365002,45.049973,102847600,AAPL
22/06/2018,46.529999,46.537498,46.174999,46.23,44.918793,108801600,AAPL
25/06/2018,45.849998,46.23,45.182499,45.5425,44.250797,126652400,AAPL
26/06/2018,45.747501,46.6325,45.634998,46.107498,44.79977,98276800,AAPL
27/06/2018,46.307499,46.82,46.0075,46.040001,44.734184,101141200,AAPL
28/06/2018,46.025002,46.552502,45.950001,46.375,45.059692,69460800,AAPL
29/06/2018,46.572498,46.797501,45.727501,46.2775,44.964947,90950800,AAPL
02/07/2018,45.955002,46.825001,45.855,46.794998,45.467773,70925200,AAPL
03/07/2018,46.947498,46.987499,45.884998,45.98,44.675892,55819200,AAPL
05/07/2018,46.314999,46.602501,46.07,46.349998,45.035393,66416800,AAPL
06/07/2018,46.355,47.107498,46.299999,46.9925,45.659668,69940800,AAPL
09/07/2018,47.375,47.669998,47.325001,47.645,46.293667,79026400,AAPL
10/07/2018,47.677502,47.82,47.544998,47.587502,46.237808,63756400,AAPL
11/07/2018,47.125,47.445,46.9025,46.970001,45.63781,75326000,AAPL
12/07/2018,47.3825,47.852501,47.327499,47.7575,46.402977,72164400,AAPL
13/07/2018,47.77,47.959999,47.724998,47.8325,46.475845,50055600,AAPL
16/07/2018,47.880001,48.162498,47.605,47.727501,46.373833,60172400,AAPL
17/07/2018,47.4375,47.967499,47.299999,47.862499,46.504997,62138000,AAPL
18/07/2018,47.945,47.950001,47.482498,47.599998,46.249939,65573600,AAPL
19/07/2018,47.422501,48.137501,47.422501,47.970001,46.609451,81147200,AAPL
20/07/2018,47.945,48.107498,47.5425,47.860001,46.502579,82704800,AAPL
23/07/2018,47.669998,47.990002,47.389999,47.9025,46.543858,63957600,AAPL
24/07/2018,48.112499,48.415001,48.012501,48.25,46.881512,74791600,AAPL
25/07/2018,48.264999,48.712502,48.107498,48.705002,47.323605,66839600,AAPL
26/07/2018,48.6525,48.990002,48.4025,48.552502,47.17543,76304000,AAPL
27/07/2018,48.747501,48.797501,47.525002,47.744999,46.390831,96096000,AAPL
30/07/2018,47.974998,48.049999,47.267502,47.477501,46.130917,84118000,AAPL
31/07/2018,47.575001,48.035,47.334999,47.572498,46.223221,157492000,AAPL
01/08/2018,49.782501,50.439999,49.327499,50.375,48.946239,271742800,AAPL
02/08/2018,50.145,52.095001,50.087502,51.8475,50.376972,249616000,AAPL
03/08/2018,51.7575,52.185001,51.369999,51.997501,50.522717,133789600,AAPL
06/08/2018,52,52.3125,51.767502,52.267502,50.785061,101701600,AAPL
07/08/2018,52.330002,52.375,51.689999,51.7775,50.308956,102349600,AAPL
08/08/2018,51.512501,51.952499,51.130001,51.8125,50.342972,90102000,AAPL
09/08/2018,52.3825,52.445,51.799999,52.220001,50.738911,93970400,AAPL
10/08/2018,51.84,52.275002,51.6675,51.8825,50.587772,98444800,AAPL
13/08/2018,52.327499,52.737499,51.924999,52.217499,50.91441,103563600,AAPL
14/08/2018,52.540001,52.639999,52.064999,52.4375,51.128937,82992000,AAPL
15/08/2018,52.305,52.685001,52.0825,52.560001,51.248371,115230400,AAPL
16/08/2018,52.9375,53.452499,52.8675,53.330002,51.999161,114001600,AAPL
17/08/2018,53.360001,54.487499,53.290001,54.395,53.037575,141708000,AAPL
20/08/2018,54.525002,54.794998,53.7775,53.865002,52.520805,121150800,AAPL
21/08/2018,54.200001,54.297501,53.5075,53.759998,52.418423,104639200,AAPL
22/08/2018,53.525002,54.09,53.459999,53.762501,52.420864,76072400,AAPL
23/08/2018,53.662498,54.262501,53.650002,53.872501,52.528122,75532800,AAPL
24/08/2018,54.150002,54.224998,53.7775,54.040001,52.691441,73905600,AAPL
27/08/2018,54.287498,54.685001,54.0825,54.485001,53.125328,82100400,AAPL
28/08/2018,54.752499,55.134998,54.73,54.924999,53.554352,91107200,AAPL
29/08/2018,55.037498,55.872501,54.852501,55.744999,54.353893,109019200,AAPL
30/08/2018,55.8125,57.064999,55.599998,56.2575,54.8536,195175200,AAPL
31/08/2018,56.627499,57.217499,56.5,56.907501,55.487377,173360400,AAPL
04/09/2018,57.102501,57.294998,56.657501,57.09,55.665325,109560400,AAPL
05/09/2018,57.247501,57.4175,56.275002,56.717499,55.302128,133332000,AAPL
06/09/2018,56.557499,56.837502,55.325001,55.775002,54.383144,137160000,AAPL
07/09/2018,55.462502,56.342499,55.177502,55.325001,53.944374,150479200,AAPL
10/09/2018,55.237499,55.462502,54.1175,54.5825,53.220398,158066000,AAPL
11/09/2018,54.502499,56.075001,54.139999,55.962502,54.565971,142996000,AAPL
12/09/2018,56.235001,56.25,54.959999,55.267502,53.888309,197114800,AAPL
13/09/2018,55.880001,57.087502,55.642502,56.602501,55.189991,166825600,AAPL
14/09/2018,56.4375,56.709999,55.630001,55.959999,54.563526,127997200,AAPL
17/09/2018,55.537498,55.737499,54.317501,54.470001,53.11071,148780400,AAPL
18/09/2018,54.447498,55.462502,54.279999,54.560001,53.198463,126286800,AAPL
19/09/2018,54.625,54.904999,53.825001,54.592499,53.230145,108495200,AAPL
20/09/2018,55.060001,55.57,54.787498,55.0075,53.6348,106435200,AAPL
21/09/2018,55.195,55.34,54.322498,54.415001,53.057083,384986800,AAPL
24/09/2018,54.205002,55.314999,54.157501,55.197498,53.820053,110773600,AAPL
25/09/2018,54.9375,55.705002,54.924999,55.547501,54.16132,98217600,AAPL
26/09/2018,55.25,55.9375,54.939999,55.105,53.729858,95938800,AAPL
27/09/2018,55.955002,56.610001,55.884998,56.237499,54.834099,120724800,AAPL
28/09/2018,56.197498,56.459999,56.005001,56.435001,55.026672,91717600,AAPL
01/10/2018,56.987499,57.355,56.587502,56.814999,55.397186,94403200,AAPL
02/10/2018,56.8125,57.5,56.657501,57.32,55.889587,99152800,AAPL
03/10/2018,57.512501,58.3675,57.445,58.017502,56.569679,114619200,AAPL
04/10/2018,57.695,58.087502,56.682499,56.997501,55.575134,128168000,AAPL
05/10/2018,56.990002,57.102501,55.145,56.072498,54.673214,134322000,AAPL
08/10/2018,55.552502,56.200001,55.049999,55.942501,54.546471,118655600,AAPL
09/10/2018,55.91,56.817501,55.5625,56.717499,55.302128,107564000,AAPL
10/10/2018,56.365002,56.587502,54.012501,54.09,52.740185,167962400,AAPL
11/10/2018,53.630001,54.875,53.080002,53.612499,52.274609,212497600,AAPL
12/10/2018,55.105,55.720001,54.209999,55.5275,54.141819,161351600,AAPL
15/10/2018,55.290001,55.4575,54.317501,54.34,52.983948,123164000,AAPL
16/10/2018,54.732498,55.747501,54.189999,55.537498,54.151566,116736000,AAPL
17/10/2018,55.575001,55.66,54.834999,55.297501,53.917561,91541600,AAPL
18/10/2018,54.465,54.935001,53.25,54.005001,52.657307,130325200,AAPL
19/10/2018,54.514999,55.314999,54.357498,54.827499,53.459282,132314800,AAPL
22/10/2018,54.947498,55.84,54.735001,55.162498,53.785923,115168400,AAPL
23/10/2018,53.9575,55.8125,53.674999,55.682499,54.29295,155071200,AAPL
24/10/2018,55.650002,56.057499,53.634998,53.772499,52.430614,163702000,AAPL
25/10/2018,54.427502,55.345001,54.1875,54.950001,53.578732,119423200,AAPL
26/10/2018,53.974998,55.047501,53.1675,54.075001,52.725567,189033600,AAPL
29/10/2018,54.797501,54.922501,51.522499,53.060001,51.735893,183742000,AAPL
30/10/2018,52.787498,53.794998,52.317501,53.325001,51.994282,146640000,AAPL
31/10/2018,54.220001,55.112499,54.154999,54.715,53.349594,153435600,AAPL
01/11/2018,54.762501,55.59,54.202499,55.555,54.168629,233292800,AAPL
02/11/2018,52.387501,53.412498,51.357498,51.869999,50.575588,365314800,AAPL
05/11/2018,51.075001,51.0975,49.5425,50.397499,49.139832,264654800,AAPL
06/11/2018,50.48,51.18,50.422501,50.942501,49.671238,127531600,AAPL
07/11/2018,51.4925,52.514999,51.032501,52.487499,51.177677,133697600,AAPL
08/11/2018,52.494999,52.529999,51.6875,52.122501,50.999111,101450400,AAPL
09/11/2018,51.387501,51.502499,50.5625,51.1175,50.01577,137463200,AAPL
12/11/2018,49.75,49.962502,48.447498,48.5425,47.496269,204542000,AAPL
13/11/2018,47.907501,49.294998,47.862499,48.057499,47.021725,187531600,AAPL
14/11/2018,48.474998,48.619999,46.482498,46.700001,45.693485,243204000,AAPL
15/11/2018,47.0975,47.9925,46.724998,47.852501,46.821144,185915200,AAPL
16/11/2018,47.625,48.7425,47.365002,48.3825,47.339722,147713200,AAPL
19/11/2018,47.5,47.674999,46.247501,46.465,45.463551,167701200,AAPL
20/11/2018,44.592499,45.3675,43.877499,44.244999,43.291397,271300800,AAPL
21/11/2018,44.932499,45.067501,44.137501,44.195,43.242474,124496800,AAPL
23/11/2018,43.735001,44.150002,43.025002,43.072498,42.144165,94496000,AAPL
26/11/2018,43.560001,43.737499,42.564999,43.654999,42.714111,179994000,AAPL
27/11/2018,42.877499,43.692501,42.720001,43.560001,42.621162,165549600,AAPL
28/11/2018,44.182499,45.322498,43.732498,45.235001,44.260063,184250000,AAPL
29/11/2018,45.665001,45.700001,44.424999,44.887501,43.920044,167080000,AAPL
30/11/2018,45.072498,45.0825,44.2575,44.645,43.682777,158126000,AAPL
03/12/2018,46.115002,46.235001,45.302502,46.205002,45.209152,163210000,AAPL
04/12/2018,45.237499,45.5975,44.067501,44.172501,43.220459,165377200,AAPL
06/12/2018,42.939999,43.695,42.605,43.68,42.738575,172393600,AAPL
07/12/2018,43.372501,43.622501,42.075001,42.122501,41.214645,169126400,AAPL
10/12/2018,41.25,42.522499,40.8325,42.400002,41.486164,248104000,AAPL
11/12/2018,42.915001,42.947498,41.75,42.157501,41.24889,189126800,AAPL
12/12/2018,42.599998,42.98,42.255001,42.275002,41.363853,142510800,AAPL
13/12/2018,42.622501,43.142502,42.387501,42.737499,41.816387,127594400,AAPL
14/12/2018,42.25,42.27,41.32,41.369999,40.478359,162814800,AAPL
17/12/2018,41.362499,42.087502,40.682499,40.985001,40.101662,177151600,AAPL
18/12/2018,41.345001,41.8825,41.0975,41.517502,40.622688,135366000,AAPL
19/12/2018,41.5,41.862499,39.772499,40.2225,39.355591,196189200,AAPL
20/12/2018,40.099998,40.5275,38.825001,39.2075,38.362465,259092000,AAPL
21/12/2018,39.215,39.540001,37.407501,37.682499,36.870335,382978400,AAPL
24/12/2018,37.037498,37.887501,36.647499,36.7075,35.916355,148676800,AAPL
26/12/2018,37.075001,39.307499,36.68,39.2925,38.445637,234330000,AAPL
27/12/2018,38.959999,39.192501,37.517502,39.037498,38.196133,212468400,AAPL
28/12/2018,39.375,39.630001,38.637501,39.057499,38.215702,169165600,AAPL
31/12/2018,39.6325,39.84,39.119999,39.435001,38.585068,140014000,AAPL
02/01/2019,38.7225,39.712502,38.557499,39.48,38.629097,148158800,AAPL
03/01/2019,35.994999,36.43,35.5,35.547501,34.781353,365248800,AAPL
04/01/2019,36.1325,37.137501,35.950001,37.064999,36.266144,234428400,AAPL
07/01/2019,37.174999,37.2075,36.474998,36.982498,36.185429,219111200,AAPL
08/01/2019,37.389999,37.955002,37.130001,37.6875,36.875229,164101200,AAPL
09/01/2019,37.822498,38.6325,37.407501,38.327499,37.501434,180396400,AAPL
10/01/2019,38.125,38.4925,37.715,38.450001,37.6213,143122800,AAPL
11/01/2019,38.220001,38.424999,37.877499,38.072498,37.25193,108092800,AAPL
14/01/2019,37.712502,37.817501,37.305,37.5,36.691772,129756800,AAPL
15/01/2019,37.567501,38.3475,37.512501,38.267502,37.442734,114843600,AAPL
16/01/2019,38.27,38.970001,38.25,38.735001,37.900158,122278800,AAPL
17/01/2019,38.549999,39.415001,38.314999,38.965,38.125195,119284800,AAPL
18/01/2019,39.375,39.470001,38.994999,39.205002,38.360023,135004000,AAPL
22/01/2019,39.102501,39.182499,38.154999,38.325001,37.498989,121576000,AAPL
23/01/2019,38.537498,38.785,37.924999,38.48,37.65065,92522400,AAPL
24/01/2019,38.5275,38.619999,37.935001,38.174999,37.352219,101766000,AAPL
25/01/2019,38.869999,39.532501,38.580002,39.439999,38.589962,134142000,AAPL
28/01/2019,38.947498,39.0825,38.415001,39.075001,38.232826,104768400,AAPL
29/01/2019,39.0625,39.532501,38.5275,38.669998,37.836552,166348800,AAPL
30/01/2019,40.8125,41.537498,40.057499,41.3125,40.422104,244439200,AAPL
31/01/2019,41.5275,42.25,41.139999,41.610001,40.713184,162958400,AAPL
01/02/2019,41.740002,42.244999,41.482498,41.630001,40.732758,130672400,AAPL
04/02/2019,41.852501,42.915001,41.82,42.8125,41.889771,125982000,AAPL
05/02/2019,43.215,43.77,43.087502,43.544998,42.606483,144406400,AAPL
06/02/2019,43.662498,43.892502,43.212502,43.560001,42.621162,112958400,AAPL
07/02/2019,43.099998,43.485001,42.584999,42.735001,41.813942,126966800,AAPL
08/02/2019,42.247501,42.665001,42.105,42.602501,41.863079,95280000,AAPL
11/02/2019,42.762501,42.802502,42.3125,42.357498,41.622322,83973600,AAPL
12/02/2019,42.525002,42.75,42.424999,42.7225,41.980991,89134000,AAPL
13/02/2019,42.8475,43.119999,42.48,42.544998,41.806568,89960800,AAPL
14/02/2019,42.427502,42.814999,42.345001,42.700001,41.958885,87342800,AAPL
15/02/2019,42.8125,42.924999,42.4375,42.605,41.865532,98507200,AAPL
19/02/2019,42.427502,42.860001,42.372501,42.732498,41.990814,75891200,AAPL
20/02/2019,42.797501,43.330002,42.747501,43.0075,42.261044,104457600,AAPL
21/02/2019,42.950001,43.092499,42.575001,42.764999,42.022755,68998800,AAPL
22/02/2019,42.895,43.25,42.845001,43.2425,42.491962,75652800,AAPL
25/02/2019,43.540001,43.967499,43.487499,43.557499,42.801495,87493600,AAPL
26/02/2019,43.427502,43.825001,43.2925,43.5825,42.826061,68280800,AAPL
27/02/2019,43.302502,43.75,43.182499,43.717499,42.958721,111341600,AAPL
28/02/2019,43.580002,43.727501,43.23,43.287498,42.536182,112861600,AAPL
01/03/2019,43.57,43.787498,43.2225,43.7425,42.98328,103544800,AAPL
04/03/2019,43.922501,44.4375,43.4925,43.962502,43.199471,109744800,AAPL
05/03/2019,43.985001,44,43.634998,43.8825,43.120853,78949600,AAPL
06/03/2019,43.6675,43.872501,43.485001,43.630001,42.872742,83241600,AAPL
07/03/2019,43.467499,43.610001,43.005001,43.125,42.376507,99185600,AAPL
08/03/2019,42.580002,43.267502,42.375,43.227501,42.477226,95997600,AAPL
11/03/2019,43.872501,44.779999,43.837502,44.724998,43.94873,128044000,AAPL
12/03/2019,45,45.6675,44.842499,45.227501,44.442513,129870400,AAPL
13/03/2019,45.5625,45.825001,45.23,45.427502,44.639038,124130000,AAPL
14/03/2019,45.974998,46.025002,45.639999,45.932499,45.135273,94318000,AAPL
15/03/2019,46.212502,46.8325,45.935001,46.529999,45.722401,156171600,AAPL
18/03/2019,46.450001,47.0975,46.447498,47.005001,46.189163,104879200,AAPL
19/03/2019,47.087502,47.247501,46.48,46.6325,45.823128,126585600,AAPL
20/03/2019,46.557499,47.372501,46.182499,47.040001,46.223557,124140800,AAPL
21/03/2019,47.505001,49.0825,47.452499,48.772499,47.92598,204136800,AAPL
22/03/2019,48.834999,49.422501,47.695,47.762501,46.933514,169630800,AAPL
25/03/2019,47.877499,47.994999,46.650002,47.185001,46.366032,175381200,AAPL
26/03/2019,47.915001,48.220001,46.145,46.697498,45.886997,199202000,AAPL
27/03/2019,47.1875,47.439999,46.637501,47.1175,46.299709,119393600,AAPL
28/03/2019,47.237499,47.389999,46.8825,47.18,46.361122,83121600,AAPL
29/03/2019,47.4575,47.52,47.134998,47.487499,46.663288,94256000,AAPL
01/04/2019,47.91,47.919998,47.095001,47.810001,46.980194,111448000,AAPL
02/04/2019,47.772499,48.615002,47.762501,48.505001,47.663128,91062800,AAPL
03/04/2019,48.3125,49.125,48.287498,48.837502,47.989861,93087200,AAPL
04/04/2019,48.697498,49.092499,48.285,48.922501,48.073376,76457200,AAPL
05/04/2019,49.112499,49.275002,48.982498,49.25,48.395191,74106400,AAPL
08/04/2019,49.105,50.057499,49.084999,50.025002,49.156742,103526800,AAPL
09/04/2019,50.080002,50.712502,49.807499,49.875,49.009346,143072800,AAPL
10/04/2019,49.669998,50.185001,49.544998,50.154999,49.284485,86781200,AAPL
11/04/2019,50.212502,50.25,49.610001,49.737499,48.874233,83603200,AAPL
12/04/2019,49.799999,50.035,49.052502,49.717499,48.85458,111042800,AAPL
15/04/2019,49.645,49.962502,49.502499,49.807499,48.943016,70146400,AAPL
16/04/2019,49.865002,50.342499,49.639999,49.8125,48.947933,102785600,AAPL
17/04/2019,49.884998,50.845001,49.6525,50.782501,49.901096,115627200,AAPL
18/04/2019,50.779999,51.037498,50.630001,50.965,50.080433,96783200,AAPL
22/04/2019,50.7075,51.235001,50.584999,51.1325,50.245026,77758000,AAPL
23/04/2019,51.107498,51.9375,50.974998,51.869999,50.969719,93292000,AAPL
24/04/2019,51.84,52.119999,51.762501,51.790001,50.891109,70162400,AAPL
25/04/2019,51.7075,51.939999,51.279999,51.32,50.429272,74172800,AAPL
26/04/2019,51.224998,51.25,50.529999,51.075001,50.188522,74596400,AAPL
29/04/2019,51.099998,51.4925,50.965,51.1525,50.264679,88818800,AAPL
30/04/2019,50.764999,50.849998,49.7775,50.1675,49.296772,186139600,AAPL
01/05/2019,52.470001,53.827499,52.307499,52.630001,51.716534,259309200,AAPL
02/05/2019,52.459999,53.162498,52.032501,52.287498,51.379974,127985200,AAPL
03/05/2019,52.7225,52.959999,52.557499,52.9375,52.018696,83569600,AAPL
06/05/2019,51.072498,52.209999,50.875,52.119999,51.215385,129772400,AAPL
07/05/2019,51.470001,51.855,50.2075,50.715,49.834774,155054800,AAPL
08/05/2019,50.474998,51.334999,50.4375,50.724998,49.844593,105358000,AAPL
09/05/2019,50.099998,50.419998,49.165001,50.18,49.309052,139634400,AAPL
10/05/2019,49.355,49.712502,48.192501,49.294998,48.625954,164834800,AAPL
13/05/2019,46.927502,47.369999,45.712502,46.43,45.799843,229722400,AAPL
14/05/2019,46.602501,47.424999,46.352501,47.165001,46.524864,146118800,AAPL
15/05/2019,46.567501,47.9375,46.505001,47.73,47.082195,106178800,AAPL
16/05/2019,47.477501,48.1175,47.209999,47.52,46.87505,132125600,AAPL
17/05/2019,46.732498,47.724998,46.689999,47.25,46.608715,131516400,AAPL
20/05/2019,45.880001,46.087502,45.07,45.772499,45.151264,154449200,AAPL
21/05/2019,46.305,47,46.174999,46.650002,46.016857,113459200,AAPL
22/05/2019,46.165001,46.427502,45.637501,45.695,45.074814,118994400,AAPL
23/05/2019,44.950001,45.134998,44.452499,44.915001,44.305401,146118800,AAPL
24/05/2019,45.049999,45.535,44.654999,44.7425,44.135246,94858800,AAPL
28/05/2019,44.73,45.147499,44.477501,44.557499,43.952755,111792800,AAPL
29/05/2019,44.105,44.837502,44,44.345001,43.743137,113924800,AAPL
30/05/2019,44.487499,44.807499,44.1675,44.575001,43.97002,84873600,AAPL
31/05/2019,44.057499,44.497501,43.747501,43.767502,43.173477,108174400,AAPL
03/06/2019,43.900002,44.48,42.567501,43.325001,42.736977,161584400,AAPL
04/06/2019,43.860001,44.9575,43.630001,44.91,44.300468,123872000,AAPL
05/06/2019,46.07,46.247501,45.285,45.634998,45.015621,119093600,AAPL
06/06/2019,45.77,46.3675,45.537498,46.305,45.676537,90105200,AAPL
07/06/2019,46.627499,47.98,46.442501,47.537498,46.892303,122737600,AAPL
10/06/2019,47.952499,48.842499,47.904999,48.145,47.491562,104883600,AAPL
11/06/2019,48.715,49,48.400002,48.702499,48.041492,107731600,AAPL
12/06/2019,48.487499,48.9925,48.3475,48.547501,47.888603,73012800,AAPL
13/06/2019,48.674999,49.197498,48.400002,48.537498,47.878731,86698400,AAPL
14/06/2019,47.887501,48.397499,47.575001,48.185001,47.531021,75046000,AAPL
17/06/2019,48.224998,48.740002,48.0425,48.4725,47.814621,58676400,AAPL
18/06/2019,49.012501,50.072498,48.802502,49.612499,48.939144,106204000,AAPL
19/06/2019,49.919998,49.970001,49.327499,49.467499,48.796116,84496800,AAPL
20/06/2019,50.092499,50.1525,49.5075,49.865002,49.188217,86056000,AAPL
21/06/2019,49.700001,50.212502,49.537498,49.695,49.020523,191202400,AAPL
24/06/2019,49.634998,50.040001,49.5425,49.645,48.971203,72881600,AAPL
25/06/2019,49.607498,49.814999,48.822498,48.892502,48.22892,84281200,AAPL
26/06/2019,49.442501,50.247501,49.337502,49.950001,49.272068,104270000,AAPL
27/06/2019,50.072498,50.392502,49.892502,49.935001,49.257271,83598800,AAPL
28/06/2019,49.669998,49.875,49.262501,49.48,48.808441,124442400,AAPL
01/07/2019,50.7925,51.122501,50.162498,50.387501,49.703632,109012000,AAPL
02/07/2019,50.352501,50.782501,50.34,50.682499,49.994621,67740800,AAPL
03/07/2019,50.82,51.110001,50.672501,51.102501,50.40892,45448000,AAPL
05/07/2019,50.837502,51.27,50.724998,51.057499,50.364529,69062000,AAPL
08/07/2019,50.202499,50.349998,49.602501,50.005001,49.326317,101354400,AAPL
09/07/2019,49.799999,50.377499,49.702499,50.310001,49.627182,82312000,AAPL
10/07/2019,50.462502,50.932499,50.389999,50.807499,50.117928,71588400,AAPL
11/07/2019,50.827499,51.0975,50.427502,50.4375,49.752949,80767200,AAPL
12/07/2019,50.612499,51,50.549999,50.825001,50.135193,70380800,AAPL
15/07/2019,51.022499,51.467499,51,51.302502,50.606209,67789600,AAPL
16/07/2019,51.147499,51.5275,50.875,51.125,50.431118,67467200,AAPL
17/07/2019,51.012501,51.272499,50.817501,50.837502,50.147518,56430000,AAPL
18/07/2019,51,51.470001,50.924999,51.415001,50.717182,74162400,AAPL
19/07/2019,51.447498,51.625,50.59,50.647499,49.960094,83717200,AAPL
22/07/2019,50.912498,51.807499,50.9025,51.805,51.101891,89111600,AAPL
23/07/2019,52.115002,52.227501,51.822498,52.209999,51.501389,73420800,AAPL
24/07/2019,51.9175,52.287498,51.7925,52.1675,51.459473,59966400,AAPL
25/07/2019,52.2225,52.310001,51.682499,51.755001,51.05257,55638400,AAPL
26/07/2019,51.869999,52.432499,51.785,51.935001,51.230125,70475600,AAPL
29/07/2019,52.115002,52.66,52.110001,52.419998,51.708538,86693600,AAPL
30/07/2019,52.189999,52.540001,51.827499,52.195,51.486591,135742800,AAPL
31/07/2019,54.105,55.342499,52.825001,53.259998,52.53714,277125600,AAPL
01/08/2019,53.474998,54.5075,51.685001,52.107498,51.40028,216071600,AAPL
02/08/2019,51.3825,51.607498,50.407501,51.005001,50.312748,163448400,AAPL
05/08/2019,49.497501,49.662498,48.145,48.334999,47.678982,209572000,AAPL
06/08/2019,49.077499,49.517502,48.509998,49.25,48.581562,143299200,AAPL
07/08/2019,48.852501,49.889999,48.455002,49.759998,49.084641,133457600,AAPL
08/08/2019,50.049999,50.8825,49.8475,50.857498,50.167248,108038000,AAPL
09/08/2019,50.325001,50.689999,49.822498,50.247501,49.753849,98478800,AAPL
12/08/2019,49.904999,50.512501,49.787498,50.119999,49.627602,89927600,AAPL
13/08/2019,50.255001,53.035,50.119999,52.2425,51.729252,188874000,AAPL
14/08/2019,50.790001,51.610001,50.647499,50.6875,50.189526,146189600,AAPL
15/08/2019,50.865002,51.285,49.9175,50.435001,49.939507,108909600,AAPL
16/08/2019,51.07,51.790001,50.959999,51.625,51.117813,110481600,AAPL
19/08/2019,52.654999,53.182499,52.5075,52.587502,52.070862,97654400,AAPL
20/08/2019,52.720001,53.337502,52.580002,52.59,52.073338,107537200,AAPL
21/08/2019,53.247501,53.412498,52.900002,53.16,52.637737,86141600,AAPL
22/08/2019,53.297501,53.610001,52.6875,53.115002,52.593182,89014800,AAPL
23/08/2019,52.357498,53.012501,50.25,50.66,50.1623,187272000,AAPL
26/08/2019,51.465,51.797501,51.264999,51.622501,51.115337,104174400,AAPL
27/08/2019,51.965,52.137501,50.8825,51.040001,50.538563,103493200,AAPL
28/08/2019,51.025002,51.43,50.830002,51.3825,50.877701,63755200,AAPL
29/08/2019,52.125,52.330002,51.665001,52.252499,51.739151,83962000,AAPL
30/08/2019,52.540001,52.612499,51.799999,52.185001,51.672314,84573600,AAPL
03/09/2019,51.607498,51.744999,51.055,51.424999,50.919777,80092000,AAPL
04/09/2019,52.0975,52.369999,51.830002,52.297501,51.783714,76752400,AAPL
05/09/2019,53,53.4925,52.877499,53.32,52.796162,95654800,AAPL
06/09/2019,53.512501,53.605,53.127499,53.314999,52.79121,77449200,AAPL
09/09/2019,53.709999,54.110001,52.767502,53.5425,53.016479,109237600,AAPL
10/09/2019,53.465,54.195,52.927502,54.174999,53.642761,127111600,AAPL
11/09/2019,54.517502,55.927502,54.432499,55.897499,55.348343,177158400,AAPL
12/09/2019,56.200001,56.605,55.715,55.772499,55.224567,128906800,AAPL
13/09/2019,55,55.197498,54.255001,54.6875,54.15023,159053200,AAPL
16/09/2019,54.432499,55.032501,54.389999,54.974998,54.434902,84632400,AAPL
17/09/2019,54.990002,55.205002,54.779999,55.174999,54.632942,73274800,AAPL
18/09/2019,55.264999,55.712502,54.860001,55.692501,55.145359,101360000,AAPL
19/09/2019,55.502499,55.939999,55.092499,55.240002,54.697304,88242400,AAPL
20/09/2019,55.345001,55.639999,54.3675,54.432499,53.897728,221652400,AAPL
23/09/2019,54.737499,54.959999,54.412498,54.68,54.142803,76662000,AAPL
24/09/2019,55.2575,55.622501,54.297501,54.419998,53.885353,124763200,AAPL
25/09/2019,54.637501,55.375,54.285,55.2575,54.714626,87613600,AAPL
26/09/2019,55,55.235001,54.7075,54.9725,54.43243,75334000,AAPL
27/09/2019,55.134998,55.240002,54.32,54.705002,54.167561,101408000,AAPL
30/09/2019,55.224998,56.145,55.197498,55.9925,55.442406,103909600,AAPL
01/10/2019,56.267502,57.055,56.049999,56.147499,55.595886,139223200,AAPL
02/10/2019,55.764999,55.895,54.482498,54.740002,54.202213,138449200,AAPL
03/10/2019,54.607498,55.240002,53.782501,55.205002,54.662643,114426000,AAPL
04/10/2019,56.41,56.872501,55.9725,56.752499,56.194942,138478800,AAPL
07/10/2019,56.567501,57.482498,56.459999,56.764999,56.207317,122306000,AAPL
08/10/2019,56.455002,57.014999,56.0825,56.099998,55.548851,111820000,AAPL
09/10/2019,56.7575,56.947498,56.41,56.7575,56.199894,74770400,AAPL
10/10/2019,56.982498,57.610001,56.825001,57.522499,56.957375,113013600,AAPL
11/10/2019,58.237499,59.41,58.077499,59.052502,58.472343,166795600,AAPL
14/10/2019,58.724998,59.532501,58.6675,58.967499,58.38818,96427600,AAPL
15/10/2019,59.0975,59.412498,58.720001,58.830002,58.252033,87360000,AAPL
16/10/2019,58.342499,58.810001,58.299999,58.592499,58.016861,73903200,AAPL
17/10/2019,58.772499,59.037498,58.380001,58.82,58.24213,67585200,AAPL
18/10/2019,58.647499,59.395,58.572498,59.102501,58.521858,97433600,AAPL
21/10/2019,59.380001,60.247501,59.330002,60.127499,59.536781,87247200,AAPL
22/10/2019,60.290001,60.549999,59.904999,59.990002,59.400635,82293600,AAPL
23/10/2019,60.525002,60.810001,60.305,60.794998,60.197727,75828800,AAPL
24/10/2019,61.127499,61.200001,60.452499,60.895,60.296741,69275200,AAPL
25/10/2019,60.790001,61.682499,60.720001,61.645,61.039375,73477200,AAPL
28/10/2019,61.855,62.3125,61.68,62.262501,61.65081,96572800,AAPL
29/10/2019,62.2425,62.4375,60.642502,60.822498,60.224953,142839600,AAPL
30/10/2019,61.189999,61.325001,60.302502,60.814999,60.217525,124522000,AAPL
31/10/2019,61.810001,62.2925,59.314999,62.189999,61.579021,139162000,AAPL
01/11/2019,62.384998,63.982498,62.290001,63.955002,63.326683,151125200,AAPL
04/11/2019,64.332497,64.462502,63.845001,64.375,63.742554,103272000,AAPL
05/11/2019,64.262497,64.547501,64.080002,64.282501,63.65097,79897600,AAPL
06/11/2019,64.192497,64.372498,63.842499,64.309998,63.678192,75864400,AAPL
07/11/2019,64.684998,65.087502,64.527496,64.857498,64.413116,94940400,AAPL
08/11/2019,64.672501,65.110001,64.212502,65.035004,64.589409,69986400,AAPL
11/11/2019,64.574997,65.6175,64.57,65.550003,65.100876,81821200,AAPL
12/11/2019,65.387497,65.697502,65.230003,65.489998,65.041283,87388800,AAPL
13/11/2019,65.282501,66.195,65.267502,66.1175,65.66449,102734400,AAPL
14/11/2019,65.9375,66.220001,65.525002,65.660004,65.210121,89182800,AAPL
15/11/2019,65.919998,66.445,65.752502,66.440002,65.984779,100206400,AAPL
18/11/2019,66.449997,66.857498,66.057503,66.775002,66.31749,86703200,AAPL
19/11/2019,66.974998,67,66.347504,66.572502,66.116371,76167200,AAPL
20/11/2019,66.385002,66.519997,65.099998,65.797501,65.346687,106234400,AAPL
21/11/2019,65.922501,66.002502,65.294998,65.502502,65.053703,121395200,AAPL
22/11/2019,65.647499,65.794998,65.209999,65.445,64.996597,65325200,AAPL
25/11/2019,65.677498,66.610001,65.629997,66.592499,66.13623,84020400,AAPL
26/11/2019,66.735001,66.790001,65.625,66.072502,65.619789,105207600,AAPL
27/11/2019,66.394997,66.995003,66.327499,66.959999,66.501213,65235600,AAPL
29/11/2019,66.650002,67,66.474998,66.8125,66.354729,46617600,AAPL
02/12/2019,66.817497,67.0625,65.862503,66.040001,65.587517,94487200,AAPL
03/12/2019,64.577499,64.8825,64.072502,64.862503,64.418091,114430400,AAPL
04/12/2019,65.267502,65.827499,65.169998,65.434998,64.986664,67181600,AAPL
05/12/2019,65.947502,66.472504,65.682503,66.394997,65.940086,74424400,AAPL
06/12/2019,66.870003,67.75,66.824997,67.677498,67.213799,106075600,AAPL
09/12/2019,67.5,67.699997,66.227501,66.730003,66.272789,128042400,AAPL
10/12/2019,67.150002,67.517502,66.464996,67.120003,66.660126,90420400,AAPL
11/12/2019,67.202499,67.775002,67.125,67.692497,67.228699,78756800,AAPL
12/12/2019,66.945,68.139999,66.830002,67.864998,67.400017,137310400,AAPL
13/12/2019,67.864998,68.824997,67.732498,68.787498,68.316193,133587600,AAPL
16/12/2019,69.25,70.197502,69.245003,69.964996,69.485619,128186000,AAPL
17/12/2019,69.892502,70.442497,69.699997,70.102501,69.622192,114158400,AAPL
18/12/2019,69.949997,70.474998,69.779999,69.934998,69.455833,116028400,AAPL
19/12/2019,69.875,70.294998,69.737503,70.004997,69.525352,98369200,AAPL
20/12/2019,70.557503,70.662498,69.639999,69.860001,69.381348,275978000,AAPL
23/12/2019,70.1325,71.0625,70.092499,71,70.513535,98572000,AAPL
24/12/2019,71.172501,71.222504,70.730003,71.067497,70.580566,48478800,AAPL
26/12/2019,71.205002,72.495003,71.175003,72.477501,71.980911,93121200,AAPL
27/12/2019,72.779999,73.4925,72.029999,72.449997,71.953598,146266000,AAPL
30/12/2019,72.364998,73.172501,71.305,72.879997,72.380653,144114400,AAPL
31/12/2019,72.482498,73.419998,72.379997,73.412498,72.9095,100805600,AAPL
02/01/2020,74.059998,75.150002,73.797501,75.087502,74.573036,135480400,AAPL
03/01/2020,74.287498,75.144997,74.125,74.357498,73.84803,146322800,AAPL
06/01/2020,73.447502,74.989998,73.1875,74.949997,74.43647,118387200,AAPL
07/01/2020,74.959999,75.224998,74.370003,74.597504,74.086395,108872000,AAPL
08/01/2020,74.290001,76.110001,74.290001,75.797501,75.27816,132079200,AAPL
09/01/2020,76.809998,77.607498,76.550003,77.407501,76.877136,170108400,AAPL
10/01/2020,77.650002,78.167503,77.0625,77.582497,77.050926,140644800,AAPL
13/01/2020,77.910004,79.267502,77.787498,79.239998,78.697075,121532000,AAPL
14/01/2020,79.175003,79.392502,78.042503,78.169998,77.634407,161954400,AAPL
15/01/2020,77.962502,78.875,77.387497,77.834999,77.301704,121923600,AAPL
16/01/2020,78.397499,78.925003,78.022499,78.809998,78.27002,108829200,AAPL
17/01/2020,79.067497,79.684998,78.75,79.682503,79.136551,137816400,AAPL
21/01/2020,79.297501,79.754997,79,79.142502,78.60025,110843200,AAPL
22/01/2020,79.644997,79.997498,79.327499,79.425003,78.880821,101832400,AAPL
23/01/2020,79.480003,79.889999,78.912498,79.807503,79.260696,104472000,AAPL
24/01/2020,80.0625,80.832497,79.379997,79.577499,79.032265,146537600,AAPL
27/01/2020,77.514999,77.942497,76.220001,77.237503,76.708298,161940000,AAPL
28/01/2020,78.150002,79.599998,78.047501,79.422501,78.878326,162234000,AAPL
29/01/2020,81.112503,81.962502,80.345001,81.084999,80.529434,216229200,AAPL
30/01/2020,80.135002,81.022499,79.6875,80.967499,80.412743,126743200,AAPL
31/01/2020,80.232498,80.669998,77.072502,77.377502,76.847343,199588400,AAPL
03/02/2020,76.074997,78.372498,75.555,77.165001,76.636299,173985600,AAPL
04/02/2020,78.827499,79.910004,78.407501,79.712502,79.166336,136616400,AAPL
05/02/2020,80.879997,81.190002,79.737503,80.362503,79.811897,118826800,AAPL
06/02/2020,80.642502,81.305,80.065002,81.302498,80.745445,105425600,AAPL
07/02/2020,80.592499,80.849998,79.5,80.0075,79.647896,117684000,AAPL
10/02/2020,78.544998,80.387497,78.462502,80.387497,80.026192,109348800,AAPL
11/02/2020,80.900002,80.974998,79.677498,79.902496,79.543365,94323200,AAPL
12/02/2020,80.3675,81.805,80.3675,81.800003,81.43235,113730400,AAPL
13/02/2020,81.047501,81.555,80.837502,81.217499,80.852463,94747600,AAPL
14/02/2020,81.184998,81.495003,80.712502,81.237503,80.872375,80113600,AAPL
18/02/2020,78.839996,79.9375,78.652496,79.75,79.391556,152531200,AAPL
19/02/2020,80,81.142502,80,80.904999,80.541367,93984000,AAPL
20/02/2020,80.657501,81.162498,79.552498,80.074997,79.715088,100566000,AAPL
21/02/2020,79.654999,80.112503,77.625,78.262497,77.910744,129554000,AAPL
24/02/2020,74.315002,76.044998,72.307503,74.544998,74.209946,222195200,AAPL
25/02/2020,75.237503,75.6325,71.532501,72.019997,71.696297,230673600,AAPL
26/02/2020,71.6325,74.470001,71.625,73.162498,72.833664,198054800,AAPL
27/02/2020,70.275002,71.5,68.239998,68.379997,68.072662,320605600,AAPL
28/02/2020,64.315002,69.602501,64.092499,68.339996,68.032837,426884800,AAPL
02/03/2020,70.57,75.360001,69.43,74.702499,74.366737,341397200,AAPL
03/03/2020,75.917503,76,71.449997,72.330002,72.004913,319475600,AAPL
04/03/2020,74.110001,75.849998,73.282501,75.684998,75.344826,219178400,AAPL
05/03/2020,73.879997,74.887497,72.852501,73.230003,72.900864,187572800,AAPL
06/03/2020,70.5,72.705002,70.307503,72.2575,71.932739,226176800,AAPL
09/03/2020,65.9375,69.522499,65.75,66.542503,66.243423,286744800,AAPL
10/03/2020,69.285004,71.610001,67.342499,71.334999,71.014381,285290000,AAPL
11/03/2020,69.347504,70.305,67.964996,68.857498,68.548012,255598800,AAPL
12/03/2020,63.985001,67.5,62,62.057499,61.77858,418474000,AAPL
13/03/2020,66.222504,69.980003,63.237499,69.4925,69.180161,370732000,AAPL
16/03/2020,60.487499,64.769997,60,60.552502,60.280346,322423600,AAPL
17/03/2020,61.877499,64.402496,59.599998,63.215,62.930878,324056000,AAPL
18/03/2020,59.942501,62.5,59.279999,61.6675,61.390331,300233600,AAPL
19/03/2020,61.8475,63.209999,60.6525,61.195,60.919952,271857200,AAPL
20/03/2020,61.794998,62.9575,57,57.310001,57.052418,401693200,AAPL
23/03/2020,57.02,57.125,53.1525,56.092499,55.840385,336752800,AAPL
24/03/2020,59.09,61.922501,58.575001,61.720001,61.442596,287531200,AAPL
25/03/2020,62.6875,64.5625,61.075001,61.380001,61.104122,303602000,AAPL
26/03/2020,61.630001,64.669998,61.59,64.610001,64.319611,252087200,AAPL
27/03/2020,63.1875,63.967499,61.762501,61.935001,61.656628,204216800,AAPL
30/03/2020,62.685001,63.880001,62.349998,63.702499,63.416183,167976400,AAPL
31/03/2020,63.900002,65.622498,63,63.572498,63.28677,197002000,AAPL
01/04/2020,61.625,62.18,59.782501,60.227501,59.956806,176218400,AAPL
02/04/2020,60.084999,61.287498,59.224998,61.232498,60.957287,165934000,AAPL
03/04/2020,60.700001,61.424999,59.7425,60.352501,60.081242,32470000,AAPL
06/04/2020,62.724998,65.777496,62.345001,65.6175,65.322578,50455100,AAPL
07/04/2020,67.699997,67.925003,64.75,64.857498,64.565994,50721800,AAPL
08/04/2020,65.684998,66.842499,65.307503,66.517502,66.218536,42223800,AAPL
09/04/2020,67.175003,67.517502,66.175003,66.997498,66.696373,40529100,AAPL
13/04/2020,67.077499,68.425003,66.457497,68.3125,68.00547,32755700,AAPL
14/04/2020,70,72.0625,69.512497,71.762497,71.439957,48748700,AAPL
15/04/2020,70.599998,71.582497,70.157501,71.107498,70.787903,32788600,AAPL
16/04/2020,71.845001,72.050003,70.587502,71.672501,71.350365,39281300,AAPL
17/04/2020,71.172501,71.737503,69.214996,70.699997,70.382233,53812500,AAPL
20/04/2020,69.487503,70.419998,69.212502,69.232498,68.921326,32503800,AAPL
21/04/2020,69.07,69.3125,66.357498,67.092499,66.790947,45247900,AAPL
22/04/2020,68.402496,69.474998,68.050003,69.025002,68.71476,29264300,AAPL
23/04/2020,68.967499,70.4375,68.717499,68.7575,68.448463,31203600,AAPL
24/04/2020,69.300003,70.752502,69.25,70.7425,70.424545,31627200,AAPL
27/04/2020,70.449997,71.135002,69.987503,70.792503,70.474319,29271900,AAPL
28/04/2020,71.269997,71.457497,69.550003,69.644997,69.33197,27944400,AAPL
29/04/2020,71.182503,72.417503,70.972504,71.932503,71.6092,137280800,AAPL
30/04/2020,72.489998,73.6325,72.087502,73.449997,73.119873,183064000,AAPL
01/05/2020,71.5625,74.75,71.462502,72.267502,71.942688,240616800,AAPL
04/05/2020,72.292503,73.422501,71.580002,73.290001,72.960594,133568000,AAPL
05/05/2020,73.764999,75.25,73.614998,74.389999,74.055649,147751200,AAPL
06/05/2020,75.114998,75.809998,74.717499,75.157501,74.819695,142333600,AAPL
07/05/2020,75.805,76.292503,75.4925,75.934998,75.593697,115215200,AAPL
08/05/2020,76.410004,77.587502,76.072502,77.532501,77.39296,134048000,AAPL
11/05/2020,77.025002,79.262497,76.809998,78.752502,78.610764,145946400,AAPL
12/05/2020,79.457497,79.922501,77.727501,77.852501,77.712387,162301200,AAPL
13/05/2020,78.037498,78.987503,75.802498,76.912498,76.774071,200622400,AAPL
14/05/2020,76.127502,77.447502,75.3825,77.385002,77.245728,158929200,AAPL
15/05/2020,75.087502,76.974998,75.052498,76.927498,76.789047,166348400,AAPL
18/05/2020,78.292503,79.125,77.580002,78.739998,78.598282,135372400,AAPL
19/05/2020,78.7575,79.629997,78.252502,78.285004,78.144112,101729600,AAPL
20/05/2020,79.169998,79.879997,79.129997,79.807503,79.663872,111504800,AAPL
21/05/2020,79.665001,80.222504,78.967499,79.212502,79.069939,102688800,AAPL
22/05/2020,78.942497,79.807503,78.837502,79.722504,79.579025,81803200,AAPL
26/05/2020,80.875,81.059998,79.125,79.182503,79.039993,125522000,AAPL
27/05/2020,79.035004,79.677498,78.272499,79.527496,79.384369,112945200,AAPL
28/05/2020,79.192497,80.860001,78.907501,79.5625,79.419304,133560800,AAPL
29/05/2020,79.8125,80.287498,79.1175,79.485001,79.341949,153598000,AAPL
01/06/2020,79.4375,80.587502,79.302498,80.462502,80.317688,80791200,AAPL
02/06/2020,80.1875,80.860001,79.732498,80.834999,80.689514,87642800,AAPL
03/06/2020,81.165001,81.550003,80.574997,81.279999,81.133713,104491200,AAPL
04/06/2020,81.097504,81.404999,80.195,80.580002,80.434975,87560400,AAPL
05/06/2020,80.837502,82.9375,80.807503,82.875,82.725845,137250400,AAPL
08/06/2020,82.5625,83.400002,81.830002,83.364998,83.214958,95654400,AAPL
09/06/2020,83.035004,86.402496,83.002502,85.997498,85.84272,147712400,AAPL
10/06/2020,86.974998,88.692497,86.522499,88.209999,88.051239,166651600,AAPL
11/06/2020,87.327499,87.764999,83.870003,83.974998,83.82386,201662400,AAPL
12/06/2020,86.18,86.949997,83.555,84.699997,84.547554,200146000,AAPL
15/06/2020,83.3125,86.419998,83.144997,85.747498,85.59317,138808800,AAPL
16/06/2020,87.864998,88.300003,86.18,88.019997,87.86158,165428800,AAPL
17/06/2020,88.787498,88.849998,87.772499,87.897499,87.739304,114406400,AAPL
18/06/2020,87.852501,88.362503,87.305,87.932503,87.774246,96820400,AAPL
19/06/2020,88.660004,89.139999,86.287498,87.43,87.272644,264476000,AAPL
22/06/2020,87.834999,89.864998,87.787498,89.717499,89.55603,135445200,AAPL
23/06/2020,91,93.095001,90.567497,91.6325,91.467583,212155600,AAPL
24/06/2020,91.25,92.197502,89.629997,90.014999,89.852997,192623200,AAPL
25/06/2020,90.175003,91.25,89.392502,91.209999,91.045845,137522400,AAPL
26/06/2020,91.102501,91.330002,88.254997,88.407501,88.24839,205256800,AAPL
29/06/2020,88.3125,90.542503,87.82,90.445,90.282219,130646000,AAPL
30/06/2020,90.019997,91.495003,90,91.199997,91.035858,140223200,AAPL
01/07/2020,91.279999,91.839996,90.977501,91.027496,90.86367,110737200,AAPL
02/07/2020,91.962502,92.6175,90.910004,91.027496,90.86367,114041600,AAPL
06/07/2020,92.5,93.945,92.467499,93.462502,93.294289,118655600,AAPL
07/07/2020,93.852501,94.654999,93.057503,93.172501,93.004814,112424400,AAPL
08/07/2020,94.18,95.375,94.089996,95.342499,95.170906,117092000,AAPL
09/07/2020,96.262497,96.317497,94.672501,95.752502,95.58017,125642800,AAPL
10/07/2020,95.334999,95.980003,94.705002,95.919998,95.747368,90257200,AAPL
13/07/2020,97.264999,99.955002,95.2575,95.477501,95.305664,191649200,AAPL
14/07/2020,94.839996,97.254997,93.877502,97.057503,96.88282,170989200,AAPL
15/07/2020,98.989998,99.247498,96.489998,97.724998,97.549118,153198000,AAPL
16/07/2020,96.5625,97.404999,95.904999,96.522499,96.348778,110577600,AAPL
17/07/2020,96.987503,97.147499,95.839996,96.327499,96.154129,92186800,AAPL
20/07/2020,96.417503,98.5,96.0625,98.357498,98.180481,90318000,AAPL
21/07/2020,99.172501,99.25,96.7425,97,96.825424,103646000,AAPL
22/07/2020,96.692497,97.974998,96.602501,97.272499,97.097435,89001600,AAPL
23/07/2020,96.997498,97.077499,92.010002,92.845001,92.677902,197004400,AAPL
24/07/2020,90.987503,92.970001,89.144997,92.614998,92.448311,185438800,AAPL
27/07/2020,93.709999,94.904999,93.480003,94.809998,94.639359,121214000,AAPL
28/07/2020,94.3675,94.550003,93.247498,93.252502,93.084671,103625600,AAPL
29/07/2020,93.75,95.230003,93.712502,95.040001,94.86895,90329200,AAPL
30/07/2020,94.1875,96.297501,93.767502,96.190002,96.016884,158130000,AAPL
31/07/2020,102.885002,106.415001,100.824997,106.260002,106.068756,374336800,AAPL
03/08/2020,108.199997,111.637497,107.892502,108.9375,108.74144,308151200,AAPL
04/08/2020,109.1325,110.790001,108.387497,109.665001,109.467628,173071600,AAPL
05/08/2020,109.377502,110.392502,108.897499,110.0625,109.86441,121992000,AAPL
06/08/2020,110.404999,114.412498,109.797501,113.902496,113.697502,202428800,AAPL
07/08/2020,113.205002,113.675003,110.292503,111.112503,111.112503,198045600,AAPL
10/08/2020,112.599998,113.775002,110,112.727501,112.727501,212403600,AAPL
11/08/2020,111.970001,112.482498,109.107498,109.375,109.375,187902400,AAPL
12/08/2020,110.497498,113.275002,110.297501,113.010002,113.010002,165944800,AAPL
13/08/2020,114.43,116.042503,113.927498,115.010002,115.010002,210082000,AAPL
14/08/2020,114.830002,115,113.044998,114.907501,114.907501,165565200,AAPL
17/08/2020,116.0625,116.087502,113.962502,114.607498,114.607498,119561600,AAPL
18/08/2020,114.352501,116,114.0075,115.5625,115.5625,105633600,AAPL
19/08/2020,115.982498,117.162498,115.610001,115.707497,115.707497,145538000,AAPL
20/08/2020,115.75,118.392502,115.732498,118.275002,118.275002,126907200,AAPL
21/08/2020,119.262497,124.8675,119.25,124.370003,124.370003,338054800,AAPL
24/08/2020,128.697495,128.785004,123.9375,125.857498,125.857498,345937600,AAPL
25/08/2020,124.697502,125.18,123.052498,124.824997,124.824997,211495600,AAPL
26/08/2020,126.18,126.9925,125.082497,126.522499,126.522499,163022400,AAPL
27/08/2020,127.142502,127.485001,123.832497,125.010002,125.010002,155552400,AAPL
28/08/2020,126.012497,126.442497,124.577499,124.807503,124.807503,187630000,AAPL
31/08/2020,127.580002,131,126,129.039993,129.039993,225702700,AAPL
01/09/2020,132.759995,134.800003,130.529999,134.179993,134.179993,152470100,AAPL
02/09/2020,137.589996,137.979996,127,131.399994,131.399994,200119000,AAPL
03/09/2020,126.910004,128.839996,120.5,120.879997,120.879997,257599600,AAPL
04/09/2020,120.07,123.699997,110.889999,120.959999,120.959999,332607200,AAPL
08/09/2020,113.949997,118.989998,112.68,112.82,112.82,231366600,AAPL
09/09/2020,117.260002,119.139999,115.260002,117.32,117.32,176940500,AAPL
10/09/2020,120.360001,120.5,112.5,113.489998,113.489998,182274400,AAPL
11/09/2020,114.57,115.230003,110,112,112,180860300,AAPL
14/09/2020,114.720001,115.93,112.800003,115.360001,115.360001,140150100,AAPL
15/09/2020,118.330002,118.830002,113.610001,115.540001,115.540001,184642000,AAPL
16/09/2020,115.230003,116,112.040001,112.129997,112.129997,154679000,AAPL
17/09/2020,109.720001,112.199997,108.709999,110.339996,110.339996,178011000,AAPL
18/09/2020,110.400002,110.879997,106.089996,106.839996,106.839996,287104900,AAPL
21/09/2020,104.540001,110.190002,103.099998,110.080002,110.080002,195713800,AAPL
22/09/2020,112.68,112.860001,109.160004,111.809998,111.809998,183055400,AAPL
23/09/2020,111.620003,112.110001,106.769997,107.120003,107.120003,150718700,AAPL
24/09/2020,105.169998,110.25,105,108.220001,108.220001,167743300,AAPL
25/09/2020,108.43,112.440002,107.669998,112.279999,112.279999,149981400,AAPL
28/09/2020,115.010002,115.32,112.779999,114.959999,114.959999,137672400,AAPL
29/09/2020,114.550003,115.309998,113.57,114.089996,114.089996,99382200,AAPL
30/09/2020,113.790001,117.260002,113.620003,115.809998,115.809998,142675200,AAPL
01/10/2020,117.639999,117.720001,115.830002,116.790001,116.790001,116120400,AAPL
02/10/2020,112.889999,115.370003,112.220001,113.019997,113.019997,144712000,AAPL
05/10/2020,113.910004,116.650002,113.550003,116.5,116.5,106243800,AAPL
06/10/2020,115.699997,116.120003,112.25,113.160004,113.160004,161498200,AAPL
07/10/2020,114.620003,115.550003,114.129997,115.080002,115.080002,96849000,AAPL
08/10/2020,116.25,116.400002,114.589996,114.970001,114.970001,83477200,AAPL
09/10/2020,115.279999,117,114.919998,116.970001,116.970001,100506900,AAPL
12/10/2020,120.059998,125.18,119.279999,124.400002,124.400002,240226800,AAPL
13/10/2020,125.269997,125.389999,119.650002,121.099998,121.099998,262330500,AAPL
14/10/2020,121,123.029999,119.620003,121.190002,121.190002,151062300,AAPL
15/10/2020,118.720001,121.199997,118.150002,120.709999,120.709999,112559200,AAPL
16/10/2020,121.279999,121.550003,118.809998,119.019997,119.019997,115393800,AAPL
19/10/2020,119.959999,120.419998,115.660004,115.980003,115.980003,120639300,AAPL
20/10/2020,116.199997,118.980003,115.629997,117.510002,117.510002,124423700,AAPL
21/10/2020,116.669998,118.709999,116.449997,116.870003,116.870003,89946000,AAPL
22/10/2020,117.449997,118.040001,114.589996,115.75,115.75,101988000,AAPL
23/10/2020,116.389999,116.550003,114.279999,115.040001,115.040001,82572600,AAPL
26/10/2020,114.010002,116.550003,112.879997,115.050003,115.050003,111850700,AAPL
27/10/2020,115.489998,117.279999,114.540001,116.599998,116.599998,91927700,AAPL
